User Input,Chatbot Response,Timestamp
hello,Hi there,2024-09-10 01:21:51
how are you ,My purpose is to assist you,2024-09-10 01:21:57
weather ,"I'm sorry, I cannot provide real-time weather information.",2024-09-10 01:22:20
How do I create a budget,"To make a budget, start by tracking your income and expenses. Then, allocate your income towards essential expenses like rent, food, and bills. Next, allocate some of your income towards savings and debt repayment. Finally, allocate the remainder of your income towards discretionary expenses like entertainment and hobbies.",2024-09-10 01:22:30
Today is a nice weather,"I'm sorry, I cannot provide real-time weather information.",2024-10-03 08:29:52
How's the weather today,"I'm sorry, I cannot provide real-time weather information.",2024-10-03 08:30:47
Hi,Hello,2024-10-03 08:30:56
hi,"I'm fine, thank you",2024-12-02 19:41:38
Can you tell me about yourself ?,"Reading books can broaden your knowledge, enhance creativity, and provide a great way to relax.",2024-12-02 19:42:06
who are you ?,I am a chatbot,2024-12-02 19:42:33
tell me a joke,Why donâ€™t scientists trust atoms? Because they make up everything!,2024-12-02 19:42:54
another one,"Gardening tips include choosing the right plants for your climate, watering properly, and using organic fertilizers.",2024-12-02 19:43:14
what is quantum entanglement,"Quantum entanglement is a quantum phenomenon where two or more particles become connected and behave as one, even when separated by great distances.",2024-12-02 19:44:47
india,"Gardening tips include choosing the right plants for your climate, watering properly, and using organic fertilizers.",2024-12-02 19:45:09
what is date today,Nothing much,2024-12-02 20:26:56
what is coding,Hey,2024-12-03 22:34:48
hiww,Nothing much,2024-12-03 22:42:01
tell me about gardening,Growing a vegetable garden allows you to enjoy fresh produce and connect with nature.,2024-12-03 22:42:28
Hi,Hi there,2024-12-03 22:49:55
how are you,"I'm fine, thank you",2024-12-03 22:50:10
Hello,"I'm fine, thank you",2024-12-05 19:37:41
What's your favorite food,"I don't eat, but I hear pizza is amazing!",2024-12-05 19:39:56
Do you have any hobbies,I like helping people.,2024-12-05 19:40:19
Do you have any hobbies,I like helping people.,2024-12-05 19:42:42
